area;price;postDate;land_certificate;house_direction;balcony_direction;toilet;bedroom;floor;lat;long;property_type
50;14700;01/01/2021;So do;;;4;6;6;210156983;1058245833;trong ngo
57;4200;10/03/2021;So do;Nam;Nam;3;8;4;21025208;105833111;trong ngo
62;11000;13/03/2021;So do;;dong-Nam;6;5;6;210253793;1058010114;trong ngo
26;2900;06/04/2021;So do;;;4;3;4;210143249;1058349181;trong ngo
40;3950;06/04/2021;So do;;;;;5;210098623;1058380829;trong ngo
41;8900;06/04/2021;;dong-Nam;;;3;7;210123103;1058289783;trong ngo
39;5280;06/04/2021;So do;Tay-Nam;;3;4;4;210216521;1058010406;trong ngo
522;53766;06/04/2021;So do;Tay-Bac;Tay-Bac;1;2;3;210190779;1058192589;trong ngo
75;1800;01/01/2021;So do;;;2;2;;210225776;1058318544;trong ngo
100;2400;01/01/2021;So do;;;2;3;;210170062;1058150862;trong ngo
70;2000;01/01/2021;So do;;;1;2;;210210979;1058087914;trong ngo
70;1800;01/01/2021;So do;;;2;2;;210067122;1058205443;trong ngo
110;2600;01/01/2021;So do;;;2;2;;210080687;1058272621;trong ngo
40;1180;01/01/2021;So do;;;1;1;;210235829;1058052281;trong ngo
65;1350;01/01/2021;So do;;;1;2;;209984988;1058376899;trong ngo
39;3800;01/01/2021;So do;;;3;4;;210157955;1058282941;trong ngo
120;3450;01/01/2021;So do;;;1;2;;210080687;1058272621;trong ngo
50;1800;01/01/2021;So do;;;1;2;;210216521;1058010406;trong ngo
72;1750;01/01/2021;So do;;;1;2;;210051976;1058355164;trong ngo
100;2200;01/01/2021;So do;;;2;3;;210051976;1058355164;trong ngo
110;2400;01/01/2021;So do;;;;;;210075479;1058282237;trong ngo
42;1290;01/01/2021;So do;;;1;1;;210289054;105830685;trong ngo
52;1600;01/01/2021;So do;;;1;2;;210067122;1058205443;trong ngo
62;1700;01/01/2021;So do;;;1;2;;210203116;1058083282;trong ngo
47;6500;01/01/2021;So do;;;3;4;;210044301;1058278363;trong ngo
92;2450;01/01/2021;So do;;;1;3;;210080687;1058272621;trong ngo
40;1300;01/01/2021;So do;;;2;2;;210047296;1058334331;trong ngo
68;1850;01/01/2021;So do;;;1;2;;210156395;1058123717;trong ngo
105;2400;01/01/2021;So do;;;2;2;;210170062;1058150862;trong ngo
28;850;01/01/2021;So do;;;1;1;;210216521;1058010406;trong ngo
42;1170;01/01/2021;So do;;;1;1;;210066938;1058356348;trong ngo
45;1250;01/01/2021;So do;;;1;1;;210066938;1058356348;trong ngo
43;1200;01/01/2021;So do;;;1;1;;210104478;1058184384;trong ngo
210;4200;01/01/2021;So do;;;2;3;;210012748;1058393044;trong ngo
55;1630;01/01/2021;So do;;;1;2;;210051976;1058355164;trong ngo
50;3500;01/01/2021;So do;;;1;1;;210129876;1058200121;trong ngo
72;1600;01/01/2021;So do;;;1;3;;210216521;1058010406;trong ngo
120;8200;01/01/2021;So do;;;2;2;;21011875;1058317303;trong ngo
62;1600;01/01/2021;So do;;;1;2;;210253784;1058272979;trong ngo
35;900;01/01/2021;So do;;;1;1;;210012748;1058393044;trong ngo
70;3200;01/01/2021;So do;;;2;4;;210097394;105824782;trong ngo
65;2050;01/01/2021;So do;;;1;2;;210012748;1058393044;trong ngo
35;890;01/01/2021;So do;;;1;1;;210051976;1058355164;trong ngo
32;1350;01/01/2021;So do;;;1;1;;210012748;1058393044;trong ngo
55;1550;01/01/2021;So do;;;1;2;;210268209;1058258448;trong ngo
65;1600;01/01/2021;So do;;;1;2;;210066938;1058356348;trong ngo
35;1300;01/01/2021;So do;;;1;1;;21026246;1058325863;trong ngo
65;1950;01/01/2021;So do;;;1;2;;210084004;1058337772;trong ngo
75;2950;01/01/2021;So do;;;2;2;;210012748;1058393044;trong ngo
100;3900;01/01/2021;So do;;;2;3;;210151077;1058385705;trong ngo
25;550;01/01/2021;So do;;;1;3;;210240516;1058343155;trong ngo
77;1950;01/01/2021;So do;;;2;2;;210012748;1058393044;trong ngo
100;2600;01/01/2021;So do;;;2;2;;210268209;1058258448;trong ngo
110;2400;01/01/2021;So do;;;;;;210075479;1058282237;trong ngo
50;1780;01/01/2021;So do;;;3;3;;210268209;1058258448;trong ngo
30;2100;01/01/2021;So do;;;;;;210217916;1058350013;trong ngo
22;450;01/01/2021;So do;;;1;1;;210051976;1058355164;trong ngo
52;1900;01/01/2021;So do;;;1;2;;210239665;1058307424;trong ngo
70;2100;01/01/2021;So do;;;1;5;;210084004;1058337772;trong ngo
70;1730;01/01/2021;So do;;;1;2;;210022945;105829711;trong ngo
62;2080;01/01/2021;So do;;;1;2;;210268209;1058258448;trong ngo
42;1450;01/01/2021;So do;;;1;2;;210170062;1058150862;trong ngo
80;4000;01/01/2021;So do;;;2;2;;210066938;1058356348;trong ngo
90;2300;01/01/2021;So do;;;2;3;;210066938;1058356348;trong ngo
70;2100;01/01/2021;So do;;;;;;210170062;1058150862;trong ngo
52;1300;01/01/2021;So do;;;1;1;;210012748;1058393044;trong ngo
50;1700;01/01/2021;So do;;;1;1;;210189953;1058386116;trong ngo
80;2000;01/01/2021;So do;;;1;3;;210216521;1058010406;trong ngo
47;1490;01/01/2021;So do;;;1;1;;210047296;1058334331;trong ngo
52;1500;01/01/2021;So do;;;1;2;;210203116;1058083282;trong ngo
45;1330;01/01/2021;So do;;;1;1;;210235829;1058052281;trong ngo
130;2600;01/01/2021;So do;;;3;3;;210253784;1058272979;trong ngo
33;3100;01/01/2021;;;;;;;210180725;1058299495;trong ngo
51;6100;01/01/2021;;;;;;;210180725;1058299495;trong ngo
0;;01/01/2021;;;;;;;210180725;1058299495;trong ngo
33;3100;01/01/2021;;;;;;;210180725;1058299495;trong ngo
55;6000;01/01/2021;;;;;;;210180725;1058299495;trong ngo
42;7250;01/01/2021;;;;;;;210180725;1058299495;trong ngo
46;3900;01/01/2021;;;;;;;210180725;1058299495;trong ngo
90;15500;01/01/2021;;;;;;;210180725;1058299495;trong ngo
0;1500;01/01/2021;;;;;;;210180725;1058299495;trong ngo
0;;01/01/2021;;;;;;;210180725;1058299495;trong ngo
41;5000;01/01/2021;;;;;;;210180725;1058299495;trong ngo
38;4200;01/01/2021;;;;;;;210180725;1058299495;trong ngo
0;;01/01/2021;;;;;;;210180725;1058299495;trong ngo
0;3600;01/01/2021;;;;;;;210180725;1058299495;trong ngo
30;;01/01/2021;;;;;;;210180725;1058299495;trong ngo
30;;01/01/2021;;;;;;;210180725;1058299495;trong ngo
32;3150;01/01/2021;;;;;;;210180725;1058299495;trong ngo
41;7400;01/01/2021;;;;;;;210180725;1058299495;trong ngo
0;;01/01/2021;;;;;;;210180725;1058299495;trong ngo
0;;01/01/2021;;;;;;;210180725;1058299495;trong ngo
0;3800;01/01/2021;;;;;;;210180725;1058299495;trong ngo
50;10000;01/01/2021;;;;;;;210180725;1058299495;trong ngo
32;2650;01/01/2021;;;;;;;210180725;1058299495;trong ngo
38;4200;01/01/2021;;;;;;;210180725;1058299495;trong ngo
32;3150;01/01/2021;;;;;;;210180725;1058299495;trong ngo
45;4200;01/01/2021;;;;;;;210180725;1058299495;trong ngo
33;3100;01/01/2021;;;;;;;210180725;1058299495;trong ngo
0;3200;01/01/2021;;;;;;;210180725;1058299495;trong ngo
0;;01/01/2021;;;;;;;210180725;1058299495;trong ngo
60;9300;01/01/2021;;;;;;;210180725;1058299495;trong ngo
71;23000;01/01/2021;;;;;;;210180725;1058299495;trong ngo
0;;01/01/2021;;;;;;;210180725;1058299495;trong ngo
45;4500;01/01/2021;;;;;;;210180725;1058299495;trong ngo
25;2900;01/01/2021;;;;;;;210180725;1058299495;trong ngo
56;6500;01/01/2021;;;;;;;210180725;1058299495;trong ngo
0;4200;01/01/2021;;;;;;;210180725;1058299495;trong ngo
0;2350;01/01/2021;;;;;;;210180725;1058299495;trong ngo
52;8400;01/01/2021;;;;;;;210180725;1058299495;trong ngo
45;;01/01/2021;;;;;;;210180725;1058299495;trong ngo
45;4500;01/01/2021;;;;;;;210180725;1058299495;trong ngo
30;2750;01/01/2021;;;;;;;210180725;1058299495;trong ngo
32;3150;01/01/2021;;;;;;;210180725;1058299495;trong ngo
0;;01/01/2021;;;;;;;210180725;1058299495;trong ngo
0;;01/01/2021;;;;;;;210180725;1058299495;trong ngo
20;;01/01/2021;;;;;;;210180725;1058299495;trong ngo
0;;01/01/2021;;;;;;;210180725;1058299495;trong ngo
0;;01/01/2021;;;;;;;210180725;1058299495;trong ngo
52;4800;01/01/2021;;;;;;;210180725;1058299495;trong ngo
48;14500;01/01/2021;;;;;;;210180725;1058299495;trong ngo
35;4350;01/01/2021;;;;;;;210180725;1058299495;trong ngo
33;;01/01/2021;;;;;;;210180725;1058299495;trong ngo
0;;01/01/2021;;;;;;;210180725;1058299495;trong ngo
52;3800;01/01/2021;;;;;;;210180725;1058299495;trong ngo
45;9300;01/01/2021;;;;;;;210180725;1058299495;trong ngo
0;7400;01/01/2021;;;;;;;210180725;1058299495;trong ngo
53;3750;01/01/2021;;;;;;;210180725;1058299495;trong ngo
35;4350;01/01/2021;;;;;;;210180725;1058299495;trong ngo
39;10500;01/01/2021;;;;;;;210180725;1058299495;trong ngo
0;;01/01/2021;;;;;;;210180725;1058299495;trong ngo
25;2450;01/01/2021;;;;;;;210180725;1058299495;trong ngo
21;2450;01/01/2021;;;;;;;210180725;1058299495;trong ngo
0;;01/01/2021;;;;;;;210180725;1058299495;trong ngo
64;7700;01/01/2021;;;;;;;210180725;1058299495;trong ngo
40;3800;01/01/2021;;;;;;;210180725;1058299495;trong ngo
39;4300;01/01/2021;;;;;;;210180725;1058299495;trong ngo
0;1100;01/01/2021;;;;;;;210180725;1058299495;trong ngo
25;2900;01/01/2021;;;;;;;210180725;1058299495;trong ngo
48;4350;01/01/2021;;;;;;;210180725;1058299495;trong ngo
46;3850;01/01/2021;;;;;;;210180725;1058299495;trong ngo
0;3800;01/01/2021;;;;;;;210180725;1058299495;trong ngo
34;6500;01/01/2021;;;;;;;210180725;1058299495;trong ngo
48;6100;01/01/2021;;;;;;;210180725;1058299495;trong ngo
27;2000;01/01/2021;;;;;;;210180725;1058299495;trong ngo
26;3300;01/01/2021;;;;;;;210180725;1058299495;trong ngo
50;6700;01/01/2021;;;;;;;210180725;1058299495;trong ngo
42;;01/01/2021;;;;;;;210180725;1058299495;trong ngo
51;3400;01/01/2021;;;;;;;210180725;1058299495;trong ngo
20;2250;01/01/2021;;;;;;;210180725;1058299495;trong ngo
35;4350;01/01/2021;;;;;;;210180725;1058299495;trong ngo
32;3150;01/01/2021;;;;;;;210180725;1058299495;trong ngo
0;;01/01/2021;;;;;;;210180725;1058299495;trong ngo
0;3500;01/01/2021;;;;;;;210180725;1058299495;trong ngo
34;3400;01/01/2021;;;;;;;210180725;1058299495;trong ngo
40;7000;01/01/2021;;;;;;;210180725;1058299495;trong ngo
35;5300;01/01/2021;;;;;;;210180725;1058299495;trong ngo
0;;01/01/2021;;;;;;;210180725;1058299495;trong ngo
0;;01/01/2021;;;;;;;210180725;1058299495;trong ngo
0;9400;01/01/2021;;;;;;;210180725;1058299495;trong ngo
60;6300;01/01/2021;;;;;;;210180725;1058299495;trong ngo
69;4700;01/01/2021;;;;;;;210180725;1058299495;trong ngo
0;1990;01/01/2021;;;;;;;210180725;1058299495;trong ngo
14;1480;01/01/2021;;;;;;;210180725;1058299495;trong ngo
0;;01/01/2021;;;;;;;210180725;1058299495;trong ngo
45;4200;01/01/2021;;;;;;;210180725;1058299495;trong ngo
75;9500;01/01/2021;;;;;;;210180725;1058299495;trong ngo
0;1900;01/01/2021;;;;;;;210180725;1058299495;trong ngo
36;3600;01/01/2021;;;;;;;210180725;1058299495;trong ngo
60;8900;01/01/2021;;;;;;;210180725;1058299495;trong ngo
30;;01/01/2021;;;;;;;210180725;1058299495;trong ngo
82;5750;01/01/2021;;;;;;;210180725;1058299495;trong ngo
80;;01/01/2021;;;;;;;210180725;1058299495;trong ngo
80;;01/01/2021;;;;;;;210180725;1058299495;trong ngo
40;6600;01/01/2021;;;;;;;210180725;1058299495;trong ngo
31;2750;01/01/2021;;;;;;;210180725;1058299495;trong ngo
41;7900;06/04/2021;;;;5;3;5;210089298;1058241052;trong ngo
60;3600;06/04/2021;So do;;;4;4;4;210172878;1058364112;trong ngo
20;2250;01/01/2021;;;;;;;210180725;1058299495;trong ngo
35;4350;01/01/2021;;;;;;;210180725;1058299495;trong ngo
33;3100;01/01/2021;;;;;;;210180725;1058299495;trong ngo
38;6800;01/01/2021;;;;;;;210180725;1058299495;trong ngo
45;4500;01/01/2021;;;;;;;210180725;1058299495;trong ngo
0;;01/01/2021;;;;;;;210180725;1058299495;trong ngo
0;;01/01/2021;;;;;;;210180725;1058299495;trong ngo
422;16500;06/04/2021;So do;;;;6;5;210190982;1058097618;trong ngo
83;12000;06/04/2021;So do;;;2;3;3;21004538;1058330352;trong ngo
30;3500;06/04/2021;So do;;;4;3;4;210167222;1058399236;trong ngo
80;5300;06/04/2021;So do;;;1;3;1;210278358;1058247636;trong ngo
42;3950;06/04/2021;So do;;;;4;4;21013056;1058393263;trong ngo
140;34000;06/04/2021;So do;;;16;14;8;21012183;1058410907;trong ngo
70;11800;06/04/2021;So do;;;;5;3;210092389;1058242302;trong ngo
60;12700;06/04/2021;;;;5;5;5;210092389;1058242302;trong ngo
0;;01/01/2021;;;;;;;210180725;1058299495;trong ngo
0;;01/01/2021;;;;;;;210180725;1058299495;trong ngo
0;;01/01/2021;;;;;;;210180725;1058299495;trong ngo
0;1680;01/01/2021;;;;;;;210180725;1058299495;trong ngo
45;7600;01/01/2021;;;;;;;210180725;1058299495;trong ngo
0;1550;01/01/2021;;;;;;;210180725;1058299495;trong ngo
34;3100;01/01/2021;;;;;;;210180725;1058299495;trong ngo
50;6000;06/04/2021;So do;;;5;4;5;210092389;1058242302;trong ngo
83;38000;06/04/2021;So do;;;;;8;210092389;1058242302;trong ngo
34;4700;06/04/2021;So do;;;4;3;5;210295218;1058273528;trong ngo
50;13500;06/04/2021;So do;;;;7;5;210195075;1058057691;trong ngo
55;12800;06/04/2021;So do;;;;7;7;210092389;1058242302;trong ngo
50;8600;06/04/2021;So do;;;3;3;4;210194469;1058247259;trong ngo
100;11000;06/04/2021;So do;;;;5;4;210210979;1058087914;trong ngo
35;4900;06/04/2021;So do;;;4;3;5;210240383;1058026258;trong ngo
35;4900;06/04/2021;So do;Tay-Bac;;;3;4;210253793;1058010114;trong ngo
62;10500;06/04/2021;So do;;;;10;5;210240383;1058026258;trong ngo
47;4950;06/04/2021;;dong;;4;6;5;210216521;1058010406;trong ngo
35;4500;06/04/2021;;;;;6;5;210089298;1058241052;trong ngo
40;5700;06/04/2021;;;;;3;4;210295218;1058273528;trong ngo
89;33500;09/04/2021;So do;;;5;5;5;210202589;1058099247;trong ngo
89;33000;09/04/2021;So do;dong-Nam;;;;5;210202589;1058099247;trong ngo
20;2100;12/04/2021;So do;;;2;3;4;210053431;105825256;trong ngo
32;3300;17/04/2021;So do;;;;;3;210057491;1058225012;trong ngo
36;5800;17/04/2021;;;;;;5;210058865;1058331417;trong ngo
48;8500;20/04/2021;So do;;;;;6;210248712;1058328825;trong ngo
45;6200;20/04/2021;;dong-Nam;dong-Nam;4;4;5;210092389;1058242302;trong ngo
61;12500;20/04/2021;So do;dong-Nam;dong-Nam;4;6;5;210094101;1058243074;trong ngo
40;2750;20/04/2021;So do;;;4;3;5;210225776;1058318544;trong ngo
4825;10500;20/04/2021;So do;;;4;6;5;210143249;1058349181;trong ngo
37;3800;20/04/2021;So do;dong;dong;3;3;4;210128724;1058331871;trong ngo
45;12000;20/04/2021;So do;;;6;5;6;210191836;1058247236;trong ngo
180;36000;20/04/2021;So do;;;;4;2;210123103;1058289783;trong ngo
40;3300;20/04/2021;So do;;;4;4;4;210128979;1058354966;trong ngo
35;4500;20/04/2021;So do;;;3;3;5;210295218;1058273528;trong ngo
25;2850;20/04/2021;;;;3;2;4;210268209;1058258448;trong ngo
44;3850;20/04/2021;;;;;4;4;210089298;1058241052;trong ngo
35;4250;20/04/2021;So do;Bac;Bac;4;3;5;210240383;1058026258;trong ngo
30;8000;20/04/2021;So do;;;;3;7;210123103;1058289783;trong ngo
300;48000;20/04/2021;;;;;;4;210092389;1058242302;trong ngo
23;2950;20/04/2021;So do;;;3;3;4;21019454;1058385705;trong ngo
46;9000;20/04/2021;So do;;;;;5;210185208;105830876;trong ngo
62;5390;20/04/2021;So do;;;3;4;4;210295218;1058273528;trong ngo
60;10500;20/04/2021;So do;;;6;6;6;210164931;105822814;trong ngo
62;6000;20/04/2021;So do;;;;6;5;210114953;1058166664;trong ngo
56;15500;20/04/2021;So do;;;4;4;4;210092389;1058242302;trong ngo
65;12800;20/04/2021;So do;Tay-Nam;;4;4;5;210092389;1058242302;trong ngo
41;3100;01/01/2021;So do;;;1;2;;21001965;1058360369;trong ngo
77;9500;01/01/2021;;;;;;;210114953;1058166664;trong ngo
60;5590;20/04/2021;So do;;;4;7;5;210092389;1058242302;trong ngo
23;2200;01/01/2021;So do;Tay-Nam;;;;;210097394;105824782;trong ngo
35;3450;20/04/2021;So do;;;;;4;210143249;1058349181;trong ngo
55;8600;20/04/2021;So do;;;;;5;210146124;1058192963;trong ngo
98;14000;26/04/2021;So do;;;;10;5;210092389;1058242302;trong ngo
35;3550;26/04/2021;So do;;;4;5;4;210005493;1058289847;trong ngo
92;34000;26/04/2021;So do;;;;10;8;210201687;1058122505;trong ngo
45;8900;26/04/2021;So do;;;4;6;5;210210979;1058087914;trong ngo
75;12000;26/04/2021;So do;;;4;4;4;210092389;1058242302;trong ngo
44;8000;26/04/2021;So do;;;3;4;5;210092389;1058242302;trong ngo
55;16000;26/04/2021;So do;;;;8;7;210092389;1058242302;trong ngo
45;5750;26/04/2021;So do;;;;;4;210295218;1058273528;trong ngo
36;7800;26/04/2021;So do;;;3;4;4;210158112;1058240289;trong ngo
36;4300;26/04/2021;So do;;;;3;4;210223143;1058265862;trong ngo
110;8800;26/04/2021;So do;;;;6;3;210116809;1058325342;trong ngo
40;6000;26/04/2021;So do;;;;;5;210092389;1058242302;trong ngo
35;18600;26/04/2021;;;;4;6;5;210092389;1058242302;trong ngo
90;26500;26/04/2021;So do;;;;14;8;210234132;1058197372;trong ngo
60;6900;26/04/2021;;;;;12;7;210210979;1058087914;trong ngo
54;7020;26/04/2021;;;;;;1;210183528;1058113313;trong ngo
40;8500;26/04/2021;So do;;;;;5;210092389;1058242302;trong ngo
60;12800;01/01/2021;;;;;6;;210209326;1058298594;trong ngo
30;7500;26/04/2021;So do;;;;;4;210092389;1058242302;trong ngo
98;14300;26/04/2021;So do;;;4;4;4;210295218;1058273528;trong ngo
57;9200;26/04/2021;So do;;;;;2;210104478;1058184384;trong ngo
97;18000;26/04/2021;So do;;;4;4;5;210072182;1058211644;trong ngo
29;2700;26/04/2021;So do;;;3;3;4;210242505;1058326034;trong ngo
50;7200;26/04/2021;So do;;;10;10;6;210216521;1058010406;trong ngo
61;9000;26/04/2021;So do;;;6;6;7;210022646;1058227453;trong ngo
52;6800;26/04/2021;;;;;;5;210114953;1058166664;trong ngo
25;3100;26/04/2021;So do;;;3;3;4;210289833;1058297637;trong ngo
72;7900;26/04/2021;So do;;;3;4;4;210114953;1058166664;trong ngo
47;4300;26/04/2021;So do;;;4;4;5;2101769;105831438;trong ngo
35;3900;26/04/2021;So do;;;;;4;21013056;1058393263;trong ngo
39;9500;26/04/2021;So do;;;;;7;210123103;1058289783;trong ngo
40;12800;26/04/2021;;;;;;5;210156983;1058245833;trong ngo
50;14600;26/04/2021;So do;Tay-Nam;Tay-Nam;4;6;4;21016075;105824436;trong ngo
81;15200;26/04/2021;So do;;;;;4;210145399;1058073276;trong ngo
50;4800;26/04/2021;So do;;;7;6;5;210216521;1058010406;trong ngo
71;15500;26/04/2021;So do;;;5;8;6;210195075;1058057691;trong ngo
68;16000;26/04/2021;So do;;;4;5;5;210158112;1058240289;trong ngo
28;2800;26/04/2021;So do;;;4;3;5;210099705;1058311716;trong ngo
56;9500;26/04/2021;So do;;;4;3;5;210119863;1058172464;trong ngo
20;1400;26/04/2021;So do;;;3;3;4;210225776;1058318544;trong ngo
45;7900;26/04/2021;;;;4;3;5;210089298;1058241052;trong ngo
35;6900;26/04/2021;So do;;;;3;5;209984988;1058376899;trong ngo
70;13000;26/04/2021;So do;;;;;5;210057491;1058225012;trong ngo
;;01/01/2021;;;;;;;210187769;1058300914;trong ngo
45;1800;01/01/2021;So do;;;1;1;;210199225;1058414071;trong ngo
46;8800;26/04/2021;;;;;3;7;210008727;1058289214;trong ngo
35;7990;01/01/2021;So do;dong-Bac;;;;;210210979;1058087914;trong ngo
30;3300;01/01/2021;So do;Nam;Nam;;;;21022491;1058371026;trong ngo
34;5500;26/04/2021;So do;;;;3;5;21004538;1058330352;trong ngo
62;16300;26/04/2021;So do;;;;;5;210164931;105822814;trong ngo
80;11400;26/04/2021;So do;;;;;4;210230427;1058213153;trong ngo
41;5600;26/04/2021;;;;;;3;21011875;1058317303;trong ngo
35;2200;26/04/2021;So do;dong-Nam;;4;4;4;210235738;1058358558;trong ngo
55;6100;26/04/2021;So do;;;;;2;210098577;1058189633;trong ngo
51;;26/04/2021;So do;;;;;4;210164931;105822814;trong ngo
46;8700;26/04/2021;So do;;;;;5;210203116;1058083282;trong ngo
45;;26/04/2021;So do;;;;;6;210183528;1058113313;trong ngo
67;9500;26/04/2021;So do;;;4;4;3;210072182;1058211644;trong ngo
84;34600;26/04/2021;So do;;;8;8;8;210092389;1058242302;trong ngo
67;8000;01/01/2021;;;;;;;210180725;1058299495;trong ngo
36;2850;26/04/2021;So do;;;4;4;4;210187769;1058300914;trong ngo
58;8600;26/04/2021;So do;;;4;6;4;210203116;1058083282;trong ngo
85;34000;26/04/2021;So do;;;8;8;8;210177995;1058105723;trong ngo
45;16500;26/04/2021;So do;dong-Nam;dong-Nam;;6;5;210186576;105810709;trong ngo
55;10300;01/01/2021;;;;;;;210180725;1058299495;trong ngo
0;;01/01/2021;;;;;;;210180725;1058299495;trong ngo
43;8300;01/01/2021;;;;;;;210180725;1058299495;trong ngo
43;5500;01/01/2021;;;;;;;210180725;1058299495;trong ngo
110;42000;26/04/2021;;;;;;11;210164931;105822814;trong ngo
65;16000;26/04/2021;So do;;;;;5;210200535;1058246266;trong ngo
40;5000;26/04/2021;So do;;;;;6;210114953;1058166664;trong ngo
46;8350;26/04/2021;So do;;;;6;5;210185109;1058078831;trong ngo
52;1460;01/01/2021;So do;;;1;2;;210066938;1058356348;trong ngo
45;5500;01/01/2021;;;;;;;210180725;1058299495;trong ngo
85;34200;26/04/2021;So do;;;12;12;8;210201687;1058122505;trong ngo
55;;26/04/2021;So do;;;;;7;210203116;1058083282;trong ngo
35;1050;01/01/2021;So do;;;1;1;;210012748;1058393044;trong ngo
115;25000;26/04/2021;So do;;;;5;5;210234132;1058197372;trong ngo
30;2900;26/04/2021;So do;;;2;1;2;210022646;1058227453;trong ngo
55;6100;26/04/2021;So do;;;;;2;210082189;1058237484;trong ngo
25;3250;26/04/2021;So do;;;4;3;5;210289833;1058297637;trong ngo
55;15000;26/04/2021;;;;;;6;210092389;1058242302;trong ngo
90;25500;26/04/2021;So do;dong-Nam;;5;4;5;210200654;1058087914;trong ngo
65;12500;26/04/2021;So do;;;;;5;210092389;1058242302;trong ngo
48;4650;26/04/2021;So do;;;;3;5;210145487;1058212321;trong ngo
45;8800;26/04/2021;So do;;;;5;7;210123103;1058289783;trong ngo
72;7900;26/04/2021;So do;;;3;4;4;210114953;1058166664;trong ngo
35;4300;26/04/2021;So do;;;4;6;4;210115303;1058368631;trong ngo
55;6100;26/04/2021;So do;;;;;2;210114953;1058166664;trong ngo
122;;01/01/2021;So do;;;;;;210184486;1058240537;trong ngo
35;5300;01/01/2021;;;;;;;210092389;1058242302;trong ngo
45;5750;26/04/2021;So do;;;4;3;5;210092389;1058242302;trong ngo
30;3150;01/05/2021;;;;4;;5;210220022;1058040796;trong ngo
49;;01/05/2021;So do;;;4;6;5;210234132;1058197372;trong ngo
122;;01/01/2021;So do;;;;;;210194539;1058088165;trong ngo
55;3500;01/05/2021;;;;;3;3;210001492;1058312638;trong ngo
60;3150;01/05/2021;So do;dong-Nam;;2;3;2;210110746;1058413652;trong ngo
50;1250;01/01/2021;So do;;;1;2;;210038033;1058374885;trong ngo
50;10500;01/01/2021;;;;;;;210295218;1058273528;trong ngo
41;4000;01/05/2021;So do;;;;;4;210057491;1058225012;trong ngo
45;3450;07/05/2021;;;;;3;4;210189163;1058301556;trong ngo
86;26300;07/05/2021;So do;;;;;5;210203116;1058083282;trong ngo
45;5400;07/05/2021;So do;;;;3;5;210111134;105836969;trong ngo
42;5800;01/01/2021;;;;;;;210240383;1058026258;trong ngo
36;4000;07/05/2021;So do;;;;;4;210295218;1058273528;trong ngo
300;120000;07/05/2021;So do;;;;6;3;210092389;1058242302;trong ngo
75;19000;07/05/2021;So do;;;11;11;8;210156983;1058245833;trong ngo
36;4500;07/05/2021;So do;;;3;3;4;210092389;1058242302;trong ngo
66;11500;07/05/2021;;;;3;2;3;210213451;1058331223;trong ngo
101;11250;07/05/2021;So do;;;;;3;210005493;1058289847;trong ngo
40;8500;07/05/2021;So do;;;4;4;5;210092389;1058242302;trong ngo
40;3600;07/05/2021;So do;;;;4;4;210005493;1058289847;trong ngo
57;4500;07/05/2021;;;;;4;4;210104478;1058184384;trong ngo
25;2850;07/05/2021;So do;;;;3;5;21011875;1058317303;trong ngo
62;9800;07/05/2021;;;;8;6;5;210021881;1058412069;trong ngo
100;7500;07/05/2021;So do;Nam;;;9;4;210134677;1058074266;trong ngo
35;4500;07/05/2021;;;;4;3;5;210295218;1058273528;trong ngo
40;3500;07/05/2021;;;;;;5;210225776;1058318544;trong ngo
56;4550;07/05/2021;;;;;;4;21012183;1058410907;trong ngo
35;;07/05/2021;;;;4;3;5;210289833;1058297637;trong ngo
46;4000;07/05/2021;;;;;4;4;210115303;1058368631;trong ngo
65;10900;07/05/2021;So do;;;5;4;4;210145487;1058212321;trong ngo
35;4200;07/05/2021;So do;;;4;3;5;210199225;1058414071;trong ngo
54;6500;07/05/2021;;;;11;11;7;210195075;1058057691;trong ngo
50;5000;01/01/2021;;;;;;;210220022;1058040796;trong ngo
111;6400;07/05/2021;;;;4;4;4;210368451;1057955438;trong ngo
50;12500;07/05/2021;;;;;;5;210190982;1058097618;trong ngo
31;4900;07/05/2021;;;;4;3;5;210021881;1058412069;trong ngo
168;23520;07/05/2021;So do;;;3;3;3;210005493;1058289847;trong ngo
44;7800;01/01/2021;;;;;;;210180725;1058299495;trong ngo
140;13000;07/05/2021;So do;;;;3;4;210116809;1058325342;trong ngo
50;7450;07/05/2021;So do;;;3;4;4;210083712;1058320166;trong ngo
363;7700;07/05/2021;So do;;;4;4;4;210203116;1058083282;trong ngo
60;10000;07/05/2021;So do;dong-Nam;;7;8;6;210230427;1058213153;trong ngo
50;12700;07/05/2021;;;;5;6;8;210156983;1058245833;trong ngo
85;34000;07/05/2021;;;;;;8;210201687;1058122505;trong ngo
51;3900;07/05/2021;So do;Tay-Nam;Tay-Nam;4;4;5;210225776;1058318544;trong ngo
55;14900;07/05/2021;So do;;;5;5;5;210201687;1058122505;trong ngo
85;3100;01/01/2021;So do;;;1;2;;210066938;1058356348;trong ngo
35;4400;07/05/2021;So do;;;4;3;5;210155483;1058244877;trong ngo
63;11500;09/05/2021;So do;;;;;5;210203116;1058083282;trong ngo
110;22000;09/05/2021;So do;;;;;4;210134677;1058074266;trong ngo
38;2650;09/05/2021;;;;1;2;1;21026246;1058325863;trong ngo
36;2600;09/05/2021;So do;;;1;2;1;210277101;1058304173;trong ngo
95;25000;01/01/2021;;;;;;;210108448;105822425;trong ngo
33;4300;01/01/2021;;;;;;;210097394;105824782;trong ngo
300;34300;09/05/2021;So do;;;;;3;210134677;1058074266;trong ngo
36;2550;09/05/2021;So do;;;1;2;1;210295218;1058273528;trong ngo
60;8600;09/05/2021;;;;;;5;210114953;1058166664;trong ngo
30;2950;01/01/2021;;;;;;;210172878;1058364112;trong ngo
61;15800;09/05/2021;So do;;;7;5;5;210265233;1058335705;trong ngo
36;4500;09/05/2021;So do;;;;3;4;210092389;1058242302;trong ngo
58;6580;01/01/2021;;;;;;;210083647;1058180219;trong ngo
55;9300;09/05/2021;So do;;;;;4;210210979;1058087914;trong ngo
55;9300;09/05/2021;So do;;;;;4;210210979;1058087914;trong ngo
80;26000;01/01/2021;;;;;;;210200535;1058246266;trong ngo
65;17500;01/01/2021;;;;;;;210153717;1058128851;trong ngo
55;4800;09/05/2021;So do;;;4;3;4;210041342;105825513;trong ngo
112;12800;01/01/2021;;;;;;;210138388;1058118635;trong ngo
168;22500;09/05/2021;So do;;;1;5;1;210005493;1058289847;trong ngo
55;9300;09/05/2021;So do;;;;;4;210210979;1058087914;trong ngo
55;9300;09/05/2021;So do;;;;;4;210210979;1058087914;trong ngo
55;9300;09/05/2021;So do;;;;;4;210210979;1058087914;trong ngo
51;8600;01/01/2021;;;;;;;210114953;1058166664;trong ngo
70;32000;09/05/2021;So do;;;;;8;210183528;1058113313;trong ngo
48;7800;09/05/2021;So do;;;5;5;6;210191836;1058247236;trong ngo
120;33000;01/01/2021;;;;;;;210153717;1058128851;trong ngo
60;14000;01/01/2021;;;;;;;210108448;105822425;trong ngo
112;12800;09/05/2021;So do;;;;4;4;210138388;1058118635;trong ngo
55;9300;09/05/2021;So do;;;;;4;210210979;1058087914;trong ngo
92;18500;09/05/2021;So do;dong-Nam;;5;5;5;210092389;1058242302;trong ngo
55;16000;09/05/2021;So do;dong-Nam;dong-Nam;6;6;7;210123344;1058193155;trong ngo
35;3850;01/01/2021;;;;;;;210225776;1058318544;trong ngo
49;9000;09/05/2021;So do;Tay-Nam;Tay-Nam;4;6;4;210134495;1058156186;trong ngo
36;4500;09/05/2021;So do;;;4;3;4;210092389;1058242302;trong ngo
56;6200;09/05/2021;So do;Tay-Bac;dong-Nam;4;4;5;210133686;1058272509;trong ngo
55;9300;09/05/2021;So do;;;;;4;210210979;1058087914;trong ngo
35;6900;09/05/2021;So do;;;3;4;4;210203116;1058083282;trong ngo
52;20000;09/05/2021;So do;;;;;7;210201687;1058122505;trong ngo
50;8450;09/05/2021;So do;dong-Nam;;;4;5;210138388;1058118635;trong ngo
51;5950;01/01/2021;;;;;;;210005493;1058289847;trong ngo
53;6600;01/01/2021;;;;;;;210083647;1058180219;trong ngo
60;9500;09/05/2021;So do;;;;;4;210210979;1058087914;trong ngo
40;5300;01/01/2021;;;;;;;210180725;1058299495;trong ngo
73;7100;09/05/2021;So do;;;7;6;5;210111134;105836969;trong ngo
55;9300;09/05/2021;So do;;;;;4;210210979;1058087914;trong ngo
55;9300;09/05/2021;So do;;;;;4;210210979;1058087914;trong ngo
42;4100;09/05/2021;So do;;;;4;4;210022646;1058227453;trong ngo
64;16000;09/05/2021;;dong-Nam;dong-Nam;;5;5;21017988;105833442;trong ngo
;;01/01/2021;;;;;;;210012748;1058393044;trong ngo
35;4500;09/05/2021;So do;Tay-Nam;Tay-Nam;;4;5;210145487;1058212321;trong ngo
62;16000;09/05/2021;So do;dong-Nam;dong-Nam;;5;5;21017988;105833442;trong ngo
50;10000;01/01/2021;;;;;;;210164931;105822814;trong ngo
;11200;01/01/2021;;;;;;;210203116;1058083282;trong ngo
48;11700;01/01/2021;;;;;;;210240383;1058026258;trong ngo
43;4700;09/05/2021;So do;;;3;3;4;210008727;1058289214;trong ngo
180;36500;09/05/2021;So do;Tay-Bac;Tay-Bac;;;4;210164931;105822814;trong ngo
25;2850;09/05/2021;;;;3;2;4;210295218;1058273528;trong ngo
90;32000;09/05/2021;;dong-Bac;Tay-Bac;;;8;210177995;1058105723;trong ngo
58;15800;09/05/2021;So do;dong-Nam;dong-Nam;;5;7;210205557;105828657;trong ngo
96;10200;09/05/2021;So do;;;;3;4;210123103;1058289783;trong ngo
38;3900;09/05/2021;So do;;;4;3;5;210066938;1058356348;trong ngo
25;2850;09/05/2021;;;;3;2;4;210268209;1058258448;trong ngo
35;12500;19/02/2021;So do;;;;;6;210089298;1058241052;mat pho
70;36000;13/03/2021;So do;;;;6;5;210092389;1058242302;mat pho
41;13500;04/04/2021;So do;;;5;3;6;210092389;1058242302;mat pho
50;13000;06/04/2021;So do;;;5;4;5;210146124;1058192963;mat pho
75;29000;06/04/2021;So do;;;4;4;5;210203116;1058083282;mat pho
35;10000;01/01/2021;So do;;;;;;210119863;1058172464;mat pho
56;10000;01/01/2021;;;;;;;210180725;1058299495;mat pho
59;50000;01/01/2021;;;;;;;210180725;1058299495;mat pho
60;500000;01/01/2021;;;;;;;210180725;1058299495;mat pho
94;26000;01/01/2021;;;;;;;210180725;1058299495;mat pho
50;24000;01/01/2021;;;;;;;210180725;1058299495;mat pho
55;18700;01/01/2021;;;;;;;210180725;1058299495;mat pho
40;13999;01/01/2021;;;;;;;210180725;1058299495;mat pho
70;12200;01/01/2021;;;;;;;210180725;1058299495;mat pho
35;8500;01/01/2021;;;;;;;210180725;1058299495;mat pho
65;9800;01/01/2021;;;;;;;210180725;1058299495;mat pho
234;;01/01/2021;;;;;;;210180725;1058299495;mat pho
38;15500;01/01/2021;;;;;;;210180725;1058299495;mat pho
0;;01/01/2021;;;;;;;210180725;1058299495;mat pho
142;70000;01/01/2021;;;;;;;210180725;1058299495;mat pho
65;;01/01/2021;;;;;;;210180725;1058299495;mat pho
133;37000;01/01/2021;;;;;;;210180725;1058299495;mat pho
234;103000;01/01/2021;;;;;;;210180725;1058299495;mat pho
50;15000;01/01/2021;;;;;;;210180725;1058299495;mat pho
40;5600;01/01/2021;;;;;;;210180725;1058299495;mat pho
41;4200;01/01/2021;;;;;;;210180725;1058299495;mat pho
100;44;01/01/2021;;;;;;;210180725;1058299495;mat pho
80;45;01/01/2021;;;;;;;210180725;1058299495;mat pho
4450;50000;01/01/2021;;;;;;;210180725;1058299495;mat pho
80;20000;01/01/2021;;;;;;;210180725;1058299495;mat pho
82;12000;01/01/2021;;;;;;;210180725;1058299495;mat pho
45;50000;01/01/2021;;;;;;;210180725;1058299495;mat pho
160;54000;01/01/2021;;;;;;;210180725;1058299495;mat pho
23;45;01/01/2021;;;;;;;210180725;1058299495;mat pho
100;285;01/01/2021;;;;;;;210180725;1058299495;mat pho
40;49;01/01/2021;;;;;;;210180725;1058299495;mat pho
33;5800;01/01/2021;;;;;;;210180725;1058299495;mat pho
110;21000;01/01/2021;;;;;;;210180725;1058299495;mat pho
95;24000;01/01/2021;;;;;;;210180725;1058299495;mat pho
43;24000;01/01/2021;;;;;;;210180725;1058299495;mat pho
120;28500;01/01/2021;;;;;;;210180725;1058299495;mat pho
55;12900;01/01/2021;;;;;;;210180725;1058299495;mat pho
238;68000;01/01/2021;;;;;;;210180725;1058299495;mat pho
33;7880;01/01/2021;;;;;;;210180725;1058299495;mat pho
65;13999;01/01/2021;;;;;;;210180725;1058299495;mat pho
120;40;01/01/2021;;;;;;;210180725;1058299495;mat pho
142;75000;01/01/2021;;;;;;;210180725;1058299495;mat pho
80;45;01/01/2021;;;;;;;210180725;1058299495;mat pho
45;17000;06/04/2021;So do;;;4;6;4;210277808;1058342405;mat pho
143;70000;06/04/2021;;;;;5;5;210092389;1058242302;mat pho
45;16500;06/04/2021;So do;;;;;5;210160919;105808575;mat pho
365;58400;01/01/2021;So do;;;;;;210145487;1058212321;mat pho
101;16000;06/04/2021;So do;;;;;5;2101644;1058326169;mat pho
71;23000;06/04/2021;So do;;;;6;4;210240383;1058026258;mat pho
58;25600;06/04/2021;So do;;;;;5;210295218;1058273528;mat pho
100;26500;06/04/2021;So do;;;6;8;5;210114953;1058166664;mat pho
30;13000;06/04/2021;;;;5;6;6;210161056;1058321575;mat pho
70;28000;06/04/2021;So do;;;;8;8;210095326;1058201933;mat pho
30;13500;06/04/2021;So do;;;;3;6;210057491;1058225012;mat pho
110;45000;01/01/2021;;;;;;;210164891;1058227091;mat pho
60;;01/01/2021;;;;;;;210172878;1058364112;mat pho
80;;01/01/2021;So do;;;;;;210172878;1058364112;mat pho
788;28000;01/01/2021;;;;;;;210225776;1058318544;mat pho
65;28500;17/04/2021;So do;;;;;4;210200535;1058246266;mat pho
25;13600;17/04/2021;So do;;;;;6;210128979;1058354966;mat pho
70;14500;17/04/2021;So do;;;;6;7;210203116;1058083282;mat pho
160;48000;17/04/2021;So do;;;7;10;7;210080098;1058263153;mat pho
108;28500;20/04/2021;So do;;;7;5;7;210288459;1058348674;mat pho
73;13700;20/04/2021;So do;dong;dong;5;6;5;210274778;1058342932;mat pho
158;50000;20/04/2021;So do;;;3;3;2;210092389;1058242302;mat pho
110;28000;20/04/2021;So do;;;7;7;7;210265233;1058335705;mat pho
416;260000;20/04/2021;;;;;;6;210092389;1058242302;mat pho
80;31800;20/04/2021;So do;;;7;6;8;210201687;1058122505;mat pho
30;;20/04/2021;So do;;;;1;5;210274906;1058092028;mat pho
62;22500;01/01/2021;;;;;;;210149552;1058123802;mat pho
235;46000;01/01/2021;;;;;;;210097394;105824782;mat pho
68;15000;20/04/2021;So do;;;;6;5;209985017;1058378228;mat pho
90;21900;20/04/2021;So do;;;4;4;4;210187769;1058300914;mat pho
98;33900;20/04/2021;;;;;10;9;210201687;1058122505;mat pho
135;40000;20/04/2021;So do;;;6;5;5;210234132;1058197372;mat pho
136;38500;20/04/2021;;;;;2;2;210225776;1058318544;mat pho
60;17200;01/01/2021;;;;;;;210158112;1058240289;mat pho
75;28500;20/04/2021;So do;;;6;9;5;210210979;1058087914;mat pho
150;72000;20/04/2021;So do;;;8;6;5;210092389;1058242302;mat pho
95;22300;20/04/2021;So do;;;4;4;4;210172878;1058364112;mat pho
110;32000;20/04/2021;So do;;;12;10;7;210210979;1058087914;mat pho
160;50000;20/04/2021;So do;;;1;1;1;210008727;1058289214;mat pho
100;21000;20/04/2021;;;;;;3;210187769;1058300914;mat pho
1000;350000;20/04/2021;So do;;;;3;2;210111134;105836969;mat pho
280;170000;20/04/2021;So do;;;;;9;210143249;1058349181;mat pho
140;35800;20/04/2021;;;;;;5;210201687;1058122505;mat pho
100;22500;20/04/2021;So do;;;2;2;2;210187769;1058300914;mat pho
129;43000;20/04/2021;So do;;;;;4;210234132;1058197372;mat pho
416;260000;20/04/2021;So do;;;;;6;210092389;1058242302;mat pho
75;22000;20/04/2021;So do;;;8;6;6;210201687;1058122505;mat pho
60;7000;20/04/2021;So do;;;2;2;2;210113798;1058375657;mat pho
416;260000;20/04/2021;;;;;;6;210092389;1058242302;mat pho
60;28500;26/04/2021;So do;;;;8;7;210265233;1058335705;mat pho
130;41000;26/04/2021;;;;;;2;210200535;1058246266;mat pho
75;12300;01/01/2021;So do;;;;;;210115303;1058368631;mat pho
92;33000;26/04/2021;So do;;;7;7;8;210057491;1058225012;mat pho
81;22000;26/04/2021;So do;;;;6;5;210187769;1058300914;mat pho
40;18500;26/04/2021;So do;;;4;4;5;210108448;105822425;mat pho
150;49500;26/04/2021;;;;5;6;6;210161056;1058321575;mat pho
55;17200;26/04/2021;So do;;;5;5;5;210274833;1057999497;mat pho
89;34000;26/04/2021;;;;8;8;8;210082189;1058237484;mat pho
100;30000;26/04/2021;;;;;;8;210097394;105824782;mat pho
85;16400;26/04/2021;So do;;;;6;5;210240383;1058026258;mat pho
33;13800;26/04/2021;So do;;;4;;4;210008727;1058289214;mat pho
69;21500;26/04/2021;So do;;;;5;7;210172878;1058364112;mat pho
131;42000;26/04/2021;;;;;;9;210164931;105822814;mat pho
69;21800;26/04/2021;So do;;;;10;7;210172878;1058364112;mat pho
160;53000;26/04/2021;So do;;;6;1;6;210128979;1058354966;mat pho
90;20700;26/04/2021;So do;;;;4;4;210161795;1058286026;mat pho
;17500;01/01/2021;;;;;;;210092389;1058242302;mat pho
89;33000;26/04/2021;So do;;;;;4;210123103;1058289783;mat pho
105;21000;26/04/2021;So do;;;;;3;210145487;1058212321;mat pho
120;32000;01/01/2021;;;;;;;21013056;1058393263;mat pho
210;27000;01/01/2021;;;;;;;210164931;105822814;mat pho
100;22500;26/04/2021;So do;;;;;2;210187769;1058300914;mat pho
130;67800;26/04/2021;So do;;;;;9;210104478;1058184384;mat pho
35;10500;26/04/2021;So do;;;;;4;210119863;1058172464;mat pho
1000;330000;01/01/2021;So do;;;;;;210042141;1058312314;mat pho
98;28000;26/04/2021;So do;dong-Nam;dong-Nam;7;9;6;210164931;105822814;mat pho
81;23000;26/04/2021;So do;;;6;7;5;210187769;1058300914;mat pho
55;21900;01/01/2021;So do;;;;;;210164931;105822814;mat pho
420;215000;26/04/2021;So do;;;;;9;210092389;1058242302;mat pho
248;170000;26/04/2021;So do;;;;;9;210001492;1058312638;mat pho
75;16000;26/04/2021;;;;;;5;210164891;1058227091;mat pho
81;17800;26/04/2021;So do;;;3;3;2;210053431;105825256;mat pho
33;10500;26/04/2021;So do;;;;;3;210119863;1058172464;mat pho
128;39900;26/04/2021;So do;;;;;2;210225776;1058318544;mat pho
100;21500;26/04/2021;So do;;;4;4;3;210281946;1058390746;mat pho
56;30400;01/01/2021;;;;;;;210092389;1058242302;mat pho
1000;330000;01/01/2021;;;;;;;210123495;1058371026;mat pho
40;27200;26/04/2021;So do;;;4;4;5;210092389;1058242302;mat pho
100;;26/04/2021;So do;Tay-Nam;;;;3;210267288;1058260358;mat pho
60;11000;26/04/2021;;;;;;4;210164891;1058227091;mat pho
50;14000;01/01/2021;;;;;;;210180725;1058299495;mat pho
;;01/01/2021;;;;;;;210289833;1058297637;mat pho
25;7400;26/04/2021;So do;;;4;3;4;210104478;1058184384;mat pho
100;10300;26/04/2021;;;;;;4;210225664;1058096175;mat pho
1000;330000;01/01/2021;;;;;;;210123495;1058371026;mat pho
30;13500;26/04/2021;So do;;;;3;6;210089298;1058241052;mat pho
110;41000;26/04/2021;;;;;22;9;210163441;1058218771;mat pho
86;21000;01/01/2021;;;;;;;210180725;1058299495;mat pho
83;5950;28/04/2021;So do;;;;;3;210104478;1058184384;mat pho
;;01/01/2021;;;;;;;210268209;1058258448;mat pho
0;;01/01/2021;;;;;;;210180725;1058299495;mat pho
410;250000;01/01/2021;;;;;;;210164931;105822814;mat pho
40;8500;01/05/2021;So do;;;;;5;210092389;1058242302;mat pho
128;49000;01/05/2021;So do;Tay-Bac;dong-Nam;2;2;1;210066938;1058356348;mat pho
252;40000;01/01/2021;So do;;;;;;210145487;1058212321;mat pho
11000;330000;01/05/2021;So do;;;;;1;210111134;105836969;mat pho
57;14700;01/01/2021;;;;;;;210143557;1058312314;mat pho
80;25900;01/05/2021;So do;;;3;;3;210120152;1058253604;mat pho
165;20000;01/01/2021;;;;;;;210180725;1058299495;mat pho
416;199000;01/05/2021;So do;;;;;5;210092389;1058242302;mat pho
80;25900;01/05/2021;;;;3;1;3;210097394;105824782;mat pho
55;17450;07/05/2021;So do;Tay-Bac;;;;5;210216521;1058010406;mat pho
44;14000;07/05/2021;;;;;;5;210189994;1058212255;mat pho
108;28500;07/05/2021;So do;;;6;5;7;210225776;1058318544;mat pho
66;29000;07/05/2021;So do;;;;;4;210123103;1058289783;mat pho
46;13800;07/05/2021;So do;;;6;6;5;210189994;1058212255;mat pho
80;30000;07/05/2021;So do;;;;3;3;210161056;1058321575;mat pho
1000;330000;01/01/2021;;;;;;;210086145;105834091;mat pho
64;17500;07/05/2021;So do;;;;8;7;210138388;1058118635;mat pho
416;210000;07/05/2021;;;;;;4;210092389;1058242302;mat pho
76;30500;07/05/2021;;;;;;2;210095326;1058201933;mat pho
65;15000;07/05/2021;So do;;;4;4;4;21011875;1058317303;mat pho
1000;330000;01/01/2021;;;;;;;210128979;1058354966;mat pho
42;7500;07/05/2021;So do;;;4;5;4;210092389;1058242302;mat pho
54;13500;07/05/2021;So do;;;3;3;3;2101644;1058326169;mat pho
240;67000;07/05/2021;So do;;;3;3;3;210164931;105822814;mat pho
43;24800;07/05/2021;So do;;;;8;6;210161056;1058321575;mat pho
85;34000;07/05/2021;So do;;;8;8;8;210183528;1058113313;mat pho
57;9200;01/01/2021;;;;;;;210093127;1058194215;mat pho
120;27000;07/05/2021;So do;;;3;3;3;210156983;1058245833;mat pho
45;24800;07/05/2021;;;;6;6;6;210143557;1058312314;mat pho
170;80000;07/05/2021;;;;3;3;4;210289833;1058297637;mat pho
1000;330000;07/05/2021;So do;;;1;1;1;210111134;105836969;mat pho
71;29000;07/05/2021;So do;;;5;5;5;210203116;1058083282;mat pho
239;67000;07/05/2021;;;;;2;3;210163441;1058218771;mat pho
80;23500;07/05/2021;;;;;;2;210200535;1058246266;mat pho
40;10000;09/05/2021;So do;;;4;4;4;210145487;1058212321;mat pho
69;21800;09/05/2021;So do;;;10;10;7;210172878;1058364112;mat pho
112;26800;01/01/2021;So do;;;;;;210053431;105825256;mat pho
86;21500;09/05/2021;So do;;;;;3;210172878;1058364112;mat pho
42;8250;09/05/2021;;;;5;5;5;210092389;1058242302;mat pho
45;30000;09/05/2021;So do;;;;4;5;210092389;1058242302;mat pho
97;47500;09/05/2021;So do;;;;6;7;210265584;1058400383;mat pho
890;995000;01/01/2021;;;;;;;210234132;1058197372;mat pho
100;21500;09/05/2021;So do;;;1;1;2;210092389;1058242302;mat pho
118;40500;09/05/2021;;;;;;5;210123103;1058289783;mat pho
170;32500;01/01/2021;;;;;;;21014989;1058300551;mat pho
45;18800;09/05/2021;;;;;8;7;210092389;1058242302;mat pho
58;18600;09/05/2021;So do;dong-Bac;dong-Bac;4;4;5;210158112;1058240289;mat pho
56;30600;09/05/2021;So do;;;;6;5;210092389;1058242302;mat pho
1000;3300000;09/05/2021;;;;;10;1;210098623;1058380829;mat pho
55;22000;09/05/2021;;;;;4;6;210008727;1058289214;mat pho
50;22000;09/05/2021;;;;;6;6;210161056;1058321575;mat pho
100;22500;09/05/2021;So do;;;3;3;1;210187769;1058300914;mat pho
160;45600;09/05/2021;So do;;;;;6;210161056;1058321575;mat pho
45;24800;09/05/2021;;;;5;4;6;210143557;1058312314;mat pho
45;30000;09/05/2021;So do;dong-Bac;;5;5;5;210092743;1058244967;mat pho
68;16300;09/05/2021;;;;;;5;210200535;1058246266;mat pho
236;68000;01/01/2021;So do;;;;;;210146124;1058192963;mat pho
235;46000;01/01/2021;So do;;;;;;210097394;105824782;mat pho
150;;09/05/2021;So do;;;;;6;210012748;1058393044;mat pho
65;30000;09/05/2021;;;;;6;7;210161056;1058321575;mat pho
45;12000;09/05/2021;So do;dong-Nam;;4;4;5;210189994;1058212255;mat pho
368;78000;09/05/2021;So do;;;;;1;210268209;1058258448;mat pho
50;14500;09/05/2021;;;;;6;6;210172878;1058364112;mat pho
36;7200;09/05/2021;;;;;;3;210265233;1058335705;mat pho
143;72000;09/05/2021;So do;;;6;6;5;210092389;1058242302;mat pho
76;30500;01/01/2021;;;;;;;210095326;1058201933;mat pho
56;;09/05/2021;;;;6;6;5;210240383;1058026258;mat pho
168;23500;09/05/2021;;;;3;3;3;210008232;105829097;mat pho
65;17500;09/05/2021;So do;;;;6;5;210114953;1058166664;mat pho
60;17500;01/01/2021;;;;;;;210114953;1058166664;mat pho
45;24800;01/01/2021;;;;;;;210161056;1058321575;mat pho
107;45000;09/05/2021;So do;;;;;5;210091228;1058244283;mat pho
